Residue,RSA,Probability,Prediction
H5,0.842391304347826,0.17959291317001452,Non-interacting
R6,0.7217741935483871,0.21011476206378493,Non-interacting
K7,0.48292682926829267,0.238825086661442,Non-interacting
P8,0.014705882352941176,0.10144409020062443,Non-interacting
S9,0.4307692307692308,0.23641716502123944,Non-interacting
L10,0.11585365853658537,0.16794297809892386,Non-interacting
L11,0.5060975609756098,0.24996004187406815,Non-interacting
A12,0.10377358490566038,0.1778493189786015,Non-interacting
H13,0.4076086956521739,0.24777736934618977,Non-interacting
P14,0.8897058823529411,0.2740435561946868,Non-interacting
G15,0.17857142857142858,0.16325385690690403,Non-interacting
P16,0.38235294117647056,0.2691497721637342,Non-interacting
L17,0.6524390243902439,0.21851443671715245,Non-interacting
V18,0.028169014084507043,0.06563452733075663,Non-interacting
K19,0.6146341463414634,0.19722091108639994,Non-interacting
S20,0.6,0.17381473662494856,Non-interacting
E21,0.8298969072164949,0.2501903288480747,Non-interacting
E22,0.5103092783505154,0.23950427736083707,Non-interacting
T23,0.5140845070422535,0.19799622412283227,Non-interacting
V24,0.007042253521126761,0.057162655155274786,Non-interacting
I25,0.35502958579881655,0.20918610684473501,Non-interacting
L26,0.0,0.0324649942297427,Non-interacting
Q27,0.23737373737373738,0.20179523513876105,Non-interacting
C28,0.0,0.04458431691243836,Non-interacting
W29,0.33480176211453744,0.210926032328137,Non-interacting
S30,0.05384615384615385,0.054590844191951496,Non-interacting
D31,0.6809815950920245,0.23241182813928987,Non-interacting
V32,0.33098591549295775,0.17045295502732818,Non-interacting
R33,0.4717741935483871,0.20605340303711814,Non-interacting
F34,0.030456852791878174,0.05265251144835635,Non-interacting
Q35,0.26262626262626265,0.18338192407465745,Non-interacting
H36,0.18478260869565216,0.6344957752474828,Interacting
F37,0.0,0.03807217887411252,Non-interacting
L38,0.21341463414634146,0.625371653753279,Interacting
L39,0.0,0.025387137931122274,Non-interacting
H40,0.16304347826086957,0.6621156973508303,Interacting
R41,0.056451612903225805,0.09174565712120283,Non-interacting
E42,0.41237113402061853,0.2275361499546191,Non-interacting
G43,0.5595238095238095,0.21439347303822093,Non-interacting
K44,0.6585365853658537,0.6757493430035265,Interacting
F45,0.5532994923857868,0.6769621214600443,Interacting
K46,0.6878048780487804,0.719811463222962,Interacting
D47,0.4601226993865031,0.6948641287107982,Interacting
T48,0.5352112676056338,0.7196144439551885,Interacting
L49,0.32926829268292684,0.7191263966890469,Interacting
H50,0.5597826086956522,0.697171227744703,Interacting
L51,0.36585365853658536,0.6785267828615898,Interacting
I52,0.6686390532544378,0.691053117092795,Interacting
G53,0.03571428571428571,0.08438652623991481,Non-interacting
E54,0.7680412371134021,0.22145715312514974,Non-interacting
H55,0.44021739130434784,0.24818462972270464,Non-interacting
H56,0.6086956521739131,0.20383533870798745,Non-interacting
D57,0.754601226993865,0.25004331268498947,Non-interacting
G58,0.5714285714285714,0.21156595927718555,Non-interacting
V59,0.2676056338028169,0.2337006297521674,Non-interacting
S60,0.0,0.07373151742769146,Non-interacting
K61,0.3024390243902439,0.21858086429807227,Non-interacting
A62,0.05660377358490566,0.062813300710126,Non-interacting
N63,0.5159235668789809,0.20014775514174024,Non-interacting
F64,0.030456852791878174,0.05544956645575292,Non-interacting
S65,0.6076923076923076,0.6314825908071934,Interacting
I66,0.029585798816568046,0.040529780803690595,Non-interacting
G67,0.2857142857142857,0.1696999503783361,Non-interacting
P68,0.5367647058823529,0.17401285617020157,Non-interacting
M69,0.03723404255319149,0.06364926771071137,Non-interacting
M70,0.5691489361702128,0.6326899656245147,Interacting
Q71,0.601010101010101,0.21346253858486197,Non-interacting
D72,0.37423312883435583,0.6608642401511848,Interacting
L73,0.17682926829268292,0.15404156105464722,Non-interacting
A74,0.12264150943396226,0.1698436360452113,Non-interacting
G75,0.20238095238095238,0.11367458278746771,Non-interacting
T76,0.2887323943661972,0.17947145858888824,Non-interacting
Y77,0.0,0.02579103558599138,Non-interacting
R78,0.3024193548387097,0.19308679912934884,Non-interacting
C79,0.0,0.022646851424118028,Non-interacting
Y80,0.22972972972972974,0.645409732798175,Interacting
G81,0.0,0.040398196009366304,Non-interacting
S82,0.038461538461538464,0.05782934437360464,Non-interacting
V83,0.3732394366197183,0.22863846268130136,Non-interacting
T84,0.4788732394366197,0.2353731461464699,Non-interacting
H85,0.8858695652173914,0.24750316563496189,Non-interacting
S86,0.35384615384615387,0.24616740063017123,Non-interacting
P87,0.5661764705882353,0.7052361326953072,Interacting
Y88,0.8648648648648649,0.7234185829606778,Interacting
Q89,0.48484848484848486,0.24775930312088984,Non-interacting
L90,0.3048780487804878,0.6541938343807177,Interacting
S91,0.06153846153846154,0.09568332030021938,Non-interacting
A92,0.25471698113207547,0.19505750058124657,Non-interacting
P93,0.35294117647058826,0.23639631437762143,Non-interacting
S94,0.0,0.06614779712136595,Non-interacting
D95,0.6319018404907976,0.21449889742176984,Non-interacting
P96,0.5147058823529411,0.19161635233968774,Non-interacting
L97,0.21341463414634146,0.14440386304021552,Non-interacting
D98,0.588957055214724,0.1996374200204497,Non-interacting
I99,0.029585798816568046,0.06617454301259768,Non-interacting
V100,0.49295774647887325,0.20354181942594815,Non-interacting
I101,0.20118343195266272,0.16848995641932515,Non-interacting
T102,0.5915492957746479,0.1683619976500253,Non-interacting
